Strategy,Mean,Median,Std,Min,Max
Original,204.37733333333333,194.0,77.97676760562868,80,517
Temporal Drop,166.56933333333333,158.0,63.36154348568924,66,421
Temporal Rescale,178.732,170.0,68.20024566915674,70,452
