body_part,mean,median,std,sum,count,ratio,rank
GL,0.21951363849390398,0.18152947910374645,0.16285181216020156,39003.40280123535,177681,0.13948411778735173,1
GR,0.21007911563024936,0.18022871418083403,0.14212776571499386,87765.5924533118,417774,0.3138676463133292,2
GP,0.14556617588244633,0.06726065066319334,0.20186188727876225,119484.356318709,820825,0.4273004105676863,3
GM,0.05352454747692362,0.03996006928637674,0.04238555236845843,33372.76945005178,623504,0.11934782533163286,4
