body_part,mean,median,std,sum,count,ratio,rank
GL,0.22129213574370565,0.18333864405638564,0.16230223288022896,39003.40280123535,176253,0.13948411778735173,1
GR,0.2116215467288562,0.18150588115231941,0.14149983471919306,87765.5924533118,414729,0.3138676463133292,2
GP,0.14639102709961896,0.0679366810873395,0.2021345363512621,119484.356318709,816200,0.4273004105676863,3
GM,0.053826352966496856,0.04016993103547935,0.042313354390398177,33372.76945005178,620008,0.11934782533163286,4
