Left Hand,Right Hand,Mouth,Pose
0.0954708252303041,0.09976600681985127,0.02923391813916225,0.06092184840725199
